,pmed No.,Fac_n,Optima,LB,opt_time,total_time,Iter_num,LB_0,dis_albel_2
0,euclidean_764_longhua,16,33.0,33.0,0.08982086181640625,0.0987100601196289,3,33.0,0.09554973821989529
