,pmed No.,Optima,opt_time,total_time,Iter_num
0,34.0,12.0,25.670839071273804,26.33526301383972,0.0
