,pmed No.,Fac_n,Optima,LB,opt_time,total_time,Iter_num,LB_0,d_num_1,d_num_2,d_num_3
0,rat99,6,40.0,40.0,0.07851314544677734,0.11149907112121582,7,38.0,0.9313131313131313,0.8141414141414142,0.704040404040404
