,pmed No.,Fac_n,Optima,LB,opt_time,total_time,Iter_num,LB_0
0,33.0,5.0,35.0,35.0,433.1527450084686,433.15680408477783,20.0,30.0
